Model,Accuracy,F1_Macro,CV_Mean
Logistic Regression,0.8325,0.7812823076187344,0.8094038749117445
Random Forest,0.8375,0.5960989900547374,0.6023095991106844
Gradient Boosting,0.8475,0.7590119051573199,0.7487903083657705
SVM (RBF),0.8575,0.8044834539036145,0.719770217999947
Ensemble (Voting),0.845,0.7383022902018831,0.7368377364871559
Tuned GB,0.835,0.729955344281187,0.7227799892767549
